scenario,classifier,vectorizer,features_used,accuracy_mean,accuracy_variance,accuracy_min,accuracy_max,precision_mean,precision_variance,precision_min,precision_max,recall_mean,recall_variance,recall_min,recall_max,f1_score_mean,f1_score_variance,f1_score_min,f1_score_max,roc_auc_mean,roc_auc_variance,roc_auc_min,roc_auc_max
en_equal,Random Forest,TF-IDF,"qtd_friends, qtd_reviews, qtd_photos",0.7866065855463731,6.588793992724521e-05,0.7791316286253647,0.8000686459584692,0.7477766613751878,6.400950147584149e-05,0.7409356725146199,0.7610513739545998,0.8650384603513326,6.269486560946061e-05,0.8544955387783116,0.8746996223824236,0.8021329568318336,5.271155752848435e-05,0.7946385830540929,0.8139274876217856,0.8842263771954816,4.228371003904398e-05,0.8783414985152822,0.8952349784095672
