scenario,classifier,vectorizer,features_used,accuracy_mean,accuracy_variance,accuracy_min,accuracy_max,precision_mean,precision_variance,precision_min,precision_max,recall_mean,recall_variance,recall_min,recall_max,f1_score_mean,f1_score_variance,f1_score_min,f1_score_max,roc_auc_mean,roc_auc_variance,roc_auc_min,roc_auc_max
pt_non_equal,Random Forest,TF-IDF,"qtd_friends, qtd_reviews, qtd_photos",0.8094149841026057,3.7553597483977696e-05,0.8001432664756447,0.8151200286635615,0.7757970099663473,0.0013803041285470464,0.7205882352941176,0.8084291187739464,0.30233373855679446,8.843934134033936e-05,0.2890855457227139,0.31166912850812406,0.43506115545698637,0.00023125291735391133,0.41263157894736846,0.4498933901918976,0.8687273955987104,1.8093670726112987e-05,0.8626302947641732,0.8725067885678565
