scenario,classifier,vectorizer,features_used,accuracy_mean,accuracy_variance,accuracy_min,accuracy_max,precision_mean,precision_variance,precision_min,precision_max,recall_mean,recall_variance,recall_min,recall_max,f1_score_mean,f1_score_variance,f1_score_min,f1_score_max,roc_auc_mean,roc_auc_variance,roc_auc_min,roc_auc_max
pt_equal,Random Forest,TF-IDF,"qtd_friends, qtd_reviews, qtd_photos",0.7791535262472269,0.00012522635190628594,0.7651403249630724,0.7955719557195572,0.7455527160085488,0.00010681631148069488,0.734640522875817,0.7597402597402597,0.8476551504773358,0.00017730424956123494,0.8301329394387001,0.8641063515509602,0.7933058859848396,0.00011098304628611572,0.7794729542302359,0.8085694540428474,0.8548958972941151,4.3341190424568736e-05,0.8467225508313898,0.8623503832193915
pt_equal,Logistic Regression,TF-IDF,"qtd_friends, qtd_reviews, user_has_photo, word_count",0.7717747605836472,4.648554331214263e-05,0.7608856088560886,0.777859778597786,0.7523315651027581,0.0001301022688992064,0.7356475300400535,0.765379113018598,0.8107432146856468,0.00014283388519049337,0.7902511078286558,0.8215339233038348,0.7803378217631953,3.225790486135693e-05,0.7727910238429173,0.7872791519434629,0.8332366167310699,8.707560992062113e-05,0.8227125571343294,0.8464290935114296
pt_equal,KNN,TF-IDF,"qtd_friends, qtd_reviews, qtd_photos, punctuation_count, capital_count, word_count",0.8074995503278519,3.210222979295117e-05,0.7977859778597786,0.8125461254612546,0.7891335290424858,4.69837020873352e-05,0.7806191117092867,0.7954866008462623,0.8393912062151692,0.000155201671928668,0.8244837758112095,0.8567208271787297,0.8134283485657938,3.6404695809358027e-05,0.8031609195402298,0.8185714285714286,0.8621812160528165,5.5376922558841685e-06,0.8585764810867302,0.8642011215539667
