scenario,classifier,vectorizer,features_used,accuracy_mean,accuracy_variance,accuracy_min,accuracy_max,precision_mean,precision_variance,precision_min,precision_max,recall_mean,recall_variance,recall_min,recall_max,f1_score_mean,f1_score_variance,f1_score_min,f1_score_max,roc_auc_mean,roc_auc_variance,roc_auc_min,roc_auc_max
pt_equal,Random Forest,TF-IDF,"qtd_friends, qtd_reviews, qtd_photos",0.7791535262472269,0.00012522635190628594,0.7651403249630724,0.7955719557195572,0.7455527160085488,0.00010681631148069488,0.734640522875817,0.7597402597402597,0.8476551504773358,0.00017730424956123494,0.8301329394387001,0.8641063515509602,0.7933058859848396,0.00011098304628611572,0.7794729542302359,0.8085694540428474,0.8548958972941151,4.3341190424568736e-05,0.8467225508313898,0.8623503832193915
