scenario,classifier,vectorizer,features_used,accuracy_mean,accuracy_variance,accuracy_min,accuracy_max,precision_mean,precision_variance,precision_min,precision_max,recall_mean,recall_variance,recall_min,recall_max,f1_score_mean,f1_score_variance,f1_score_min,f1_score_max,roc_auc_mean,roc_auc_variance,roc_auc_min,roc_auc_max
pt_non_equal,Random Forest,TF-IDF,"qtd_friends, qtd_reviews, qtd_photos",0.8094149841026057,3.7553597483977696e-05,0.8001432664756447,0.8151200286635615,0.7757970099663473,0.0013803041285470464,0.7205882352941176,0.8084291187739464,0.30233373855679446,8.843934134033936e-05,0.2890855457227139,0.31166912850812406,0.43506115545698637,0.00023125291735391133,0.41263157894736846,0.4498933901918976,0.8687273955987104,1.8093670726112987e-05,0.8626302947641732,0.8725067885678565
pt_non_equal,Logistic Regression,TF-IDF,"qtd_friends, qtd_reviews, user_has_photo, word_count",0.8200902358070712,0.00012932289719894423,0.8076647564469914,0.8330945558739254,0.6823965364498554,0.0010990234834973671,0.6542239685658153,0.7268722466960352,0.4842028208781584,0.001129497065181498,0.4410029498525074,0.532448377581121,0.5661095067463295,0.0009579267386598553,0.5268722466960353,0.6077441077441078,0.8753182362046281,3.937552357838236e-05,0.8666378326106187,0.8828251971452887
pt_non_equal,KNN,TF-IDF,"qtd_friends, qtd_reviews, qtd_photos",0.8477467997318439,2.958632879844549e-06,0.8462916517377285,0.8502328914367611,0.6803188547651897,4.990634991015201e-05,0.6741258741258741,0.6905829596412556,0.7032731598279762,0.00014144650304284277,0.6824224519940916,0.7109144542772862,0.6915122470777197,1.404809180576106e-05,0.6864784546805349,0.6966618287373004,0.912967441994717,2.4909200644353242e-05,0.9047927651207607,0.9170326821681161
