classifier,vectorizer,features_used,accuracy_mean,accuracy_variance,accuracy_min,accuracy_max,precision_mean,precision_variance,precision_min,precision_max,recall_mean,recall_variance,recall_min,recall_max,f1_score_mean,f1_score_variance,f1_score_min,f1_score_max,roc_auc_mean,roc_auc_variance,roc_auc_min,roc_auc_max
Random Forest,TF-IDF,"qtd_friends, qtd_reviews, qtd_photos",0.8299790875090729,0.0005774638882152587,0.8093873163740595,0.8713722680042996,0.6478600152404884,0.003389190264366961,0.6051401869158879,0.75,0.6695947329664536,0.01068304984966294,0.4977843426883309,0.7640117994100295,0.6542022110227087,0.0038096406757249356,0.5588723051409619,0.7265803503427266,0.8839746463205007,0.0007039534939377106,0.8553586625842489,0.9218290806594287
