classifier,vectorizer,features_used,accuracy_mean,accuracy_variance,accuracy_min,accuracy_max,precision_mean,precision_variance,precision_min,precision_max,recall_mean,recall_variance,recall_min,recall_max,f1_score_mean,f1_score_variance,f1_score_min,f1_score_max,roc_auc_mean,roc_auc_variance,roc_auc_min,roc_auc_max
Random Forest,TF-IDF,"qtd_friends, qtd_reviews, qtd_photos",0.8299790875090729,0.0005774638882152587,0.8093873163740595,0.8713722680042996,0.6478600152404884,0.003389190264366961,0.6051401869158879,0.75,0.6695947329664536,0.01068304984966294,0.4977843426883309,0.7640117994100295,0.6542022110227087,0.0038096406757249356,0.5588723051409619,0.7265803503427266,0.8839746463205007,0.0007039534939377106,0.8553586625842489,0.9218290806594287
Logistic Regression,TF-IDF,"qtd_friends, qtd_reviews, word_count",0.7382690884227753,0.000745310512087686,0.7020057306590258,0.7689000358294518,0.4563655061304381,0.004356175576364235,0.3712374581939799,0.5334728033472803,0.3794050622431951,0.0024672291455472774,0.3274336283185841,0.45790251107828656,0.4132094987667734,0.0025089631193179474,0.34796238244514105,0.46969696969696967,0.7502179888357412,0.003457982675799417,0.6701258361869039,0.8081803940530108
KNN,TF-IDF,"qtd_reviews, qtd_photos",0.8018217325644545,0.0007927548854156256,0.7725644699140402,0.8405589394482265,0.5685150605202882,0.0022759536172450626,0.5201499531396439,0.6291759465478842,0.8030491976139746,0.004529369940181185,0.6868537666174298,0.859882005899705,0.6633177793222153,0.0012640668118314177,0.6361031518624642,0.7174603174603176,0.8499566597717958,0.0013987732631648413,0.7992740944871987,0.9019755054926781
